{
	"appId": "com.swiftride.rentals",
	"appName": "SwiftRide Rentals",
	"webDir": "dist",
	"server": {
		"androidScheme": "https"
	},
	"plugins": {
		"SplashScreen": {
			"launchShowDuration": 2000,
			"backgroundColor": "#2563eb",
			"showSpinner": false,
			"androidSpinnerStyle": "large",
			"iosSpinnerStyle": "small",
			"spinnerColor": "#ffffff",
			"splashFullScreen": true,
			"splashImmersive": true
		},
		"StatusBar": {
			"style": "dark",
			"backgroundColor": "#2563eb"
		},
		"Keyboard": {
			"resize": "body",
			"style": "dark",
			"resizeOnFullScreen": true
		}
	},
	"ios": {
		"contentInset": "automatic",
		"backgroundColor": "#ffffff"
	},
	"android": {
		"backgroundColor": "#ffffff",
		"allowMixedContent": true,
		"captureInput": true
	},
	"packageClassList": [
		"AppPlugin",
		"HapticsPlugin",
		"KeyboardPlugin",
		"StatusBarPlugin"
	]
}
